name,eng_name,description,country,year,actors,img,poster,url,gene,status,duration,directors,avgRating,type,reviewChannel,trailer,commentList,reviewList
Ma trận 4: Hồi sinh,The matrix resurrections,Ma trận: Hồi Sinh sẽ tiếp tục xoay quanh 2 nhân vật là Neo (Reeves) và Trinity (Moss) đã quên toàn bộ ký ức khi còn trong ma trận. Hiện tại họ đang sống trong một thế giới giả lập mới nhưng không nhận ra nhau. Ngoài ra Ma Trận 4 sẽ có nhân vật mới xuất hiện để giúp Neo thoát khỏi nhà tù ảo ảnh. Phần phim Ma Trận 3 đã chiếu cách đây hơn 8 năm nên sự trở lại của Ma Trận 4 đúng là sự hồi sinh như tên gọi và cũng là sự trở lại của những nhân vật đã chết,Mỹ,2021,"Keanu Reeves, Carrie-Anne Moss và Jada Pinkett Smith",https://www.cgv.vn/media/catalog/product/cache/3/image/c5f0a1eff4c394a251036189ccddaacd/p/o/poster_matrix_4_1_.jpg,https://wallpapercave.com/wp/wp8459104.png,https://www.youtube.com/embed/3Z55ZZjA9bQ,Hành động - Viễn tưởng,HD,148,Lana Wachowski,3,TRUE,Phê phim,https://www.youtube.com/watch?v=9ix7TUGVYIo,[],[] 
Người nhện: Không còn nhà,Spider Man: No way home,Spider-Man: No Way Home tiếp nối ngay sau cái kết của Spider-Man: Far From Home (2019) khi Mysterio/Quentin Beck (Jake Gyllenhaal) công bố danh tính Spider-Man là Peter Parker (Tom Holland) trên sóng truyền hình. Từ đây mà cuộc sống của cậu thay đổi hoàn toàn khi trở thành tâm điểm soi mói của cả thế giới.,Mỹ,2021,"Tom Holland, Zendaya, Jacob Batalon, Marisa Tomei, Jamie Foxx, Benedict Cumberbatch và Alfred Molina",https://www.themoviedb.org/t/p/original/1gxZrx9gL9ov2c1NpXimEUzMTmh.jpg,https://images2.alphacoders.com/117/thumb-1920-1170277.jpg,https://www.youtube.com/embed/NGUHmUxo73k,Hành động - Viễn tưởng,HD,148,Jon Watts,5,TRUE,Phê phim,https://www.youtube.com/watch?v=JfVOs4VSpmA,[],[] 
Chủng tộc bất tử,The Eternals,"The Eternals kể về chủng loài Eternals cổ đại đã sống bí mật trên trái đất hàng ngàn năm. Eternals được tạo ra bởi những Celestials có quyền năng tối cao, cùng với Deviants và Loài Người. Họ sở hữu sức mạnh và những năng lực phi thường, đồng thời trí tuệ cũng vượt xa hai chủng loài kia nên quyết định rời trái đất và lập đế chế riêng trên Titan. Một số ít Eternals quyết định ở lại trái đất để giúp đỡ loài người sau khi chủng loài Deviants bị các Celestials tiêu diệt.",Mỹ,2021,"Angelina Jolie, Gemma Chan, Richard Madden, Kumail Nanjiani, Lauren Ridloff, Brian Tyree Henry, Salma Hayek, Lia McHugh, Don Lee, Barry Keoghan và Kit Harington",https://www.cgv.vn/media/catalog/product/cache/1/image/c5f0a1eff4c394a251036189ccddaacd/e/t/eternals_-_vietnamese_poster_1_.jpg,https://images8.alphacoders.com/116/thumb-1920-1166926.jpeg,https://www.youtube.com/embed/YhWOCjoXbjE,Hành động - Viễn tưởng,HD,156,Chloé Zhao,4,TRUE,Phê phim,https://www.youtube.com/watch?v=DobBbl0_6Lc,[],[] 
Sát nhân trong bóng tối 2,Don't breathe 2,"Sát Nhân Trong Bóng Tối 2 lấy bối cảnh vào vài năm sau sự kiện ở phần trước, khi người mù Norman Nordstrom đang sinh sống yên bình lại một căn nhà gỗ nằn biệt lập với thành phố, và nuôi dưỡng một cô gái trẻ đã mồ côi khi xảy ra một vụ cháy nhà đầy kinh hoàng. Thế nhưng cuộc sống yên bình của cả hai bỗng thay đổi khi một nhóm tội phạm đã bắt cóc cô gái đi và buộc Norman Nordstrom phải rời khỏi căn nhà của mình và tìm cách để có thể giải thoát cho cô bé",Mỹ,2021,"Stephen Lang, Brendan Sexton III, Madelyn Grace",https://image.tmdb.org/t/p/w780/r7HEBkkRN93d3eFBZgPJfRaob5p.jpg,https://wallpaperaccess.com/full/6908665.jpg,https://www.youtube.com/embed/SdyBLrTDLsQ,Kinh dị - Giật gân,HD,98,Rodo Sayagues,4,TRUE,Phê phim,https://www.youtube.com/watch?v=jDFFqOzaBng,[],[] 
Giải cứu Guy,Free Guy,"Giải Cứu Guy - Free Guy xoay quanh câu chuyện về anh chàng Guy, là một nhân viên văn phòng nhỏ bé và vô cùng bình thường. Thế nhưng, cuộc sống của anh thay đổi khi vô tình nhận được một mã phát triển miễn phí trong trò chơi Free City được sản xuất bởi Milly và Keys. Kể từ đây, anh vô tình trở thành một nhân vật chính trong thế giới trò chơi này. Nhiệm vụ của Guy là phải giải cứu thế giới thoát khỏi sự tàn phá và trở thành một người hùng, chạy đua với thời gian trước khi những nhà phát triển bắt đầu triển khai kế hoạch ngăn chặn",Mỹ,2021,"Ryan Reynolds, Jodie Comer, Lil Rel Howery, Utkarsh Ambudkar, Joe Keery và Taika Waititi",https://cdn.wallpapersafari.com/28/28/6pYV1W.jpg,https://images.wallpapersden.com/image/download/hd-poster-of-free-guy-movie_bG1uZWyUmZqaraWkpJRmaWVlrW5lZQ.jpg,https://www.youtube.com/embed/SfwK8m3sWKs,Hài,HD,115,Shawn Levy,4,TRUE,Phê phim,https://www.youtube.com/watch?v=X2m-08cOAbc,[],[] 
Phi vụ triệu đô (season 5),Money Heist 5,"Phi Vụ Triệu Đô (Phần 5) này kể về cả nhóm đã ở Ngân hàng Tây Ban Nha hơn 100 giờ và Giáo Sư đang gặp nguy. Tệ hơn nữa, họ sắp phải đối mặt với một kẻ địch mới: quân đội",Tây Ban Nha,2021,"Úrsula Corberó, Itziar Ituño, Álvaro Morte, Pedro Alonso, Alba Flores, Miguel Herrán, Jaime Lorente, Esther Acebo, Enrique Arce",https://wallpapercave.com/wp/wp9230560.jpg,https://wallpaperaccess.com/full/6777556.jpg,https://www.youtube.com/embed/sZIGmwIv9tE,Tội phạm,HD,70,Nhiều đạo diễn,4,FALSE,Phê phim,https://www.youtube.com/watch?v=uwsmkWh0S5Y,[],[] 
Tom & Jerry: Quậy Tung New York,Tom & Jerry live action,"Ở Manhattan , Tom , người mơ ước trở thành nghệ sĩ piano, chơi ở Công viên Trung tâm , trong khi đối thủ lâu năm của anh ta là chuột Jerry đang tìm kiếm một ngôi nhà mới. Sau khi bàn phím của Tom bị phá hủy trong một cuộc chiến, anh ta đuổi theo Jerry nhưng đụng phải Kayla Forester, người mất việc làm. Đang tìm kiếm một vị trí tại khách sạn nổi tiếng nhất New York, Cổng Hoàng gia, Kayla trình bày một bản lý lịch bị đánh cắp là của riêng mình và được thuê để giúp dàn dựng một đám cưới cao cấp. Jerry ẩn náu trong khách sạn nơi những trò tai quái thường xuyên của anh ta liên quan đến ăn cắp thức ăn và vật phẩm để tăng cường lối sống mới của mình, trong khi Tom nghĩ ra nhiều chiến lược khác nhau để vào khách sạn để bắt Jerry.",Mỹ,2021,"Chloë Grace Moretz, Michael Peña, Colin Jost, Rob Delaney và Ken Jeong",https://www.themoviedb.org/t/p/original/yMoMlJo2msoVwmuf6k1C78MrB3H.jpg,https://resize.indiatvnews.com/en/resize/newbucket/1200_-/2021/01/tom-n-jerry-1610640938.jpg,https://www.youtube.com/embed/7w7S_EUwhfs,Hoat hình,HD,101,Tim Story,4,TRUE,Phê phim,https://www.youtube.com/watch?v=kP9TfCWaQT4,[],[] 
Bố già,"Dad, I'm sorry","Là cha đơn thân từ khi vợ bỏ đi, ông Sang trở thành chỗ dựa duy nhất cho đứa con lớn Quắn và cô con gái nuôi Bù Tọt. Quắn là một thanh niên với những tư tưởng tiến bộ, không muốn cha phải khổ vì bị họ hàng chèn ép, còn ông Sang là người hiền lành, luôn nhẫn nhịn những người xung quanh. Vì thế, mối quan hệ của hai cha con ngày càng căng thẳng. Khoảng cách giữa hai thế hệ khác nhau, liệu có dễ dàng hiểu được và thông cảm cho đối phương?",Việt Nam,2021,"Trấn Thành, Ngọc Giàu, Tuấn Trần, Ngân Chi, Lê Giang, Hoàng Mèo, Lan Phương, La Thành, Lê Trang, Quốc Khánh, A Quay, Quỳnh Châu và Bảo Phúc",https://2sao.vietnamnetjsc.vn/images/2020/12/03/00/25/bo-gia-1.jpg,https://ss-images.saostar.vn/w800/pc/1606897461583/bogia-teaser1-1.jpg,https://www.youtube.com/embed/dUmoXJpY1ig,Tâm lý,HD,128,"Trấn Thành, Vũ Ngọc Đãng",5,TRUE,Phê phim,https://www.youtube.com/watch?v=jluSu8Rw6YE,[],[] 
Ba chàng ngốc,Three Idiots,"Bộ phim Ba Chàng Ngốc kể về tình bạn của ba anh chàng Farhan, Raju và Rancho từ khi họ còn là sinh viên đến khi trưởng thành. Trong thời gian ngồi trên giảng đường, Rancho đã có ảnh hưởng rất lớn đến cuộc sống, tương lai của Farhan và Raju. Sau khi ra trường, Rancho đột nhiên biến mất. 10 năm sau, khi tìm được manh mối về nơi sinh sống của cậu bạn thân năm xưa, Farhan và Raju quyết định lên đường tìm Rancho...",Ấn Độ,2009,"Aamir Khan, R. Madhavan, Sharman Joshi, Kareena Kapoor",https://wallpapercave.com/wp/wp6568176.jpg,https://www.bollywoodhungama.com/wp-content/uploads/2016/03/3-Idiots.jpg,https://www.youtube.com/embed/eNG1R-x3uEY,Hài,HD,170,Rajkumar Hirani,5,TRUE,Phê phim,https://www.youtube.com/watch?v=K0eDlFX9GMc,[],[] 
Người nhện: Xa nhà,Spider-Man: Far from home,"Trở lại sau sự ra đi của Tony Stark, có vẻ như Peter đã không còn đủ động lực, niềm tin để tiếp tục theo đuổi giấc mơ làm siêu anh hùng. Nhưng trong chuyến du lịch đến Châu Âu, Peter và những người bạn rơi vào rắc rối mới. Không những vậy, cậu còn được diện kiến Nick Fury. Liệu thử thách mới của Người Nhện sẽ khó khăn thế nào?",Mỹ,2019,"Tom Holland, Zendaya, Jake Gyllenhaal, Marisa Tomei, Samuel L. Jackson",https://www.themoviedb.org/t/p/original/3WES2GZ7PGzscIqvqhsUcvoC5Kc.jpg,https://www.themoviedb.org/t/p/original/3WES2GZ7PGzscIqvqhsUcvoC5Kc.jpg,https://www.youtube.com/embed/bZFEv4orDck,Hành động - Viễn tưởng,HD,122,Jon Watts,4,TRUE,Cu Sút Review,https://www.youtube.com/watch?v=Nt9L1jCKGnE,[],[] 
Công phu gấu trúc,Kung Fu Panda,"Po là một chú gấu trúc béo mũm mĩm và cực mê kungfu. Nhưng vấn đề ở chỗ cậu chàng lại là kẻ lười biếng nhất thung lũng Thanh Bình. Mọi chuyện hoàn toàn thay đổi khi con báo tuyết gian ác Tai Lung được ra tù. Hắn ráo riết lên kế hoạch tấn công thung lũng. Và người anh hùng được chọn để chiến đấu chống lại Tai Lung, không ai khác chính là Po béo. Một đội ngũ hùng hậu những bậc thầy kungfu được huy động để hướng dẫn Po những miếng võ cơ bản nhất…",Mỹ,2008,"Jack Black, Dustin Hoffman, Angelina Jolie, Ian McShane, Jackie Chan, Seth Rogen, Lucy Liu, David Cross, Randall Duk Kim, James Hong, Dan Fogler, Michael Clarke Duncan, Wayne Knight, Kyle Gass, JR Reed",https://upload.wikimedia.org/wikipedia/vi/1/18/Kung_fu_panda_poster.jpg,https://upload.wikimedia.org/wikipedia/vi/1/18/Kung_fu_panda_poster.jpg,https://www.youtube.com/embed/UdgDJS84pBM,Hài,HD,90,"John Stevenson, Mark Osborne",3,TRUE,SCORER CINEMA,https://www.youtube.com/watch?v=PXi3Mv6KMzY,[],[] 
Gã chằn tinh tốt bụng,Shrek,"n Tinh Tốt Bụng: Vương quốc Xa thật xa là nơi các nhân vật cổ tích sinh sống. Shrek, gã chằn xanh đang sống yên bình tại đầm lầy của mình. Bỗng nhiên, khu đầm trở thành nơi “tị nạn” của các nhân vật cổ tích đang bị lãnh chúa Farquaad săn đuổi. Để khỏi phải “chung đụng” với đám dân ở nhờ ồn ào, Shrek ký giao kèo cùng Farquaad. Gã sẽ đi cứu công chúa Fiona, đang bị giam giữ trong tòa tháp cao vợi, và được rồng canh giữ. Farquaad có được cô dâu trong mộng thì Farquaad phải để các nhân vật cổ tích kia được yên.",Mỹ,2001,"Bobby Block, Cameron Diaz, Chris Miller, Clive Pearse, Eddie Murphy, Jim Cummings, John Lithgow, Mike Myers, Peter Dennis, Vincent Cassel",http://1.bp.blogspot.com/-QsaH4FGneWA/TgweMRVD_8I/AAAAAAAAASQ/F-_950Hs-2c/s1600/Shrek+1+%255B2001%255D+poster.jpg,http://1.bp.blogspot.com/-QsaH4FGneWA/TgweMRVD_8I/AAAAAAAAASQ/F-_950Hs-2c/s1600/Shrek+1+%255B2001%255D+poster.jpg,https://www.youtube.com/embed/LqEn28t88Lc,Hài,HD,90,Andrew AdamsonVicky Jenson,2,TRUE,Cáo Tiên Tinh Tướng,https://www.youtube.com/watch?v=CwXOrWvPBPk,[],[] 
Phi đội gà bay,Chicken Run,"Chicken Run kể về một câu truyện hài hước về một đàn gà tìm cách trốn thoát khỏi trang trại chăn nuôi do ông Tweedy và bà vợ độc đoán của ông ta trông coi, trước khi họ biến những con gà này thành nhân bánh bao.",Mỹ,2000,"Mel Gibson, Julia Sawalha, Miranda Richardson",https://m.media-amazon.com/images/I/510HWfzAGKL._AC_.jpg,https://m.media-amazon.com/images/I/510HWfzAGKL._AC_.jpg,https://www.youtube.com/embed/MLE9xdWu6go,Hài,HD,84,"Peter Lord, Nick Park",5,TRUE,Cáo Tiên Tinh Tướng,https://www.youtube.com/watch?v=jVdlxwX6A7g,[],[] 
Vùng Đất Linh Hồn,Spirited Away,"Vùng Đất Linh Hồn - Spirited Away kể về cô bé bướng bỉnh Chihiro. Gia đình của Chihiro chuyển từ thành phố về quê sinh sống, và Chihiro chẳng thích thú tí nào với sự thay đổi này. Bố của Chihiro là một tay lái xe tệ hại và có một trí nhớ ""quá tồi"", ông đã lái xe lạc đường đến một thành phố bị bỏ hoang, không bóng người. Bị cuốn hút bởi mùi vị thơm ngon của thức ăn, bố mẹ của Chihiro bắt đầu ""thưởng thức"", nhưng kết quả họ bị biến thành những con heo mập. Còn thành phố không người kia, sau khi trời tối, tất cả sống dậy, những bóng ma bắt đầu xuất hiện và hoạt động. Cô bé bướng bỉnh phải làm gì để cứu bố mẹ mình và thoát khỏi đây?",Nhật Bản,2001,"Daveigh Chase, Suzanne Pleshette, Miyu Irino",https://kenh14cdn.com/203336854389633024/2021/11/13/mv5bmjlmzmi5mdctnde2ys00ywe0lwe5zwitzdbhywq0ntcxnwrhxkeyxkfqcgdeqxvymtmxodk2otuv1-1636778149864183874398.jpg,https://kenh14cdn.com/203336854389633024/2021/11/13/mv5bmjlmzmi5mdctnde2ys00ywe0lwe5zwitzdbhywq0ntcxnwrhxkeyxkfqcgdeqxvymtmxodk2otuv1-1636778149864183874398.jpg,https://www.youtube.com/embed/2R8C5ZJPw5w,Tình cảm,HD,125,Hayao Miyazaki,4,TRUE,Chúa Tể Các Loài Phim,https://www.youtube.com/watch?v=ByXuk9QqQkk,[],[] 
Âm Dương Sư: Tình Nhã Tập,The Yin-Yang Master: Dream of Eternity,"Tình Nhã Tập kể về câu chuyện của Tình Minh và Bác Nhã từ kẻ thù không đội trời chung đã trở thành chiến hữu sống chết có nhau, cùng nhau phá giải những kiếp nạn kinh thiên động địa, giải cứu chúng sinh, mang lại bình yên cho mọi người. Loạt phim điện ảnh Âm Dương Sư sẽ được chia thành hai phần là Tình Nhã Tập và Lang Dạ Khúc.",Trung quốc,2020,"Triệu Hựu Đình, Đặng Luân, Vương Tử Văn",https://www.elleman.vn/wp-content/uploads/2021/02/16/189708/phim-am-duong-su-elle-man-5.jpg,https://occ-0-1723-1722.1.nflxso.net/dnm/api/v6/E8vDc_W8CLv7-yMQu8KMEC7Rrr8/AAAABd0nma8uLnnX-XCHERJ8V1Yn6PE44b1i8NOap3-4Xe7-bPAAJV6IREMBbBADEK0vflh7lPBnWi2iYsEPaN9UZgjZvqQh.jpg?r=cc1,https://www.youtube.com/embed/oEAypWtMISQ,Cổ trang,HD,132,Quách Kính Minh,5,FALSE,Phê phim,https://www.youtube.com/watch?v=8L_FrbJWUs8,[],[] 
Conan 4: Thủ Phạm Trong Đôi Mắt,Detective Conan Movie 4: Captured In Her Eyes,"Trong phim Thám Tử Lừng Danh Conan 4: Thủ Phạm Trong Đôi Mắt, một vụ ám sát đã xảy ra trước mắt Conan. Nạn nhân là cảnh sát Narasawa Osamu hiện đang điều tra vụ án từ 1 năm trước. Quan sát thấy hung thủ cầm ô tay tay phải nên Conan suy luận ra hắn thuận tay trái. Ngay sau đó, vụ thứ 2 đã xảy ra. Trong phim hay này, người bị giết là cảnh sát Shiba Yoichiro bị bắn ở hầm gửi xe Midoridai. Dựa vào vỏ đạn thu ở hiện trường cảnh sát biết được hai cảnh sát bị giết cùng một khẩu súng. Liệu 2 vụ án này có liên quan đến nhau? Vụ án Narasawa và Shiba điều tra là gì? Thủ phạm vụ án 1 năm trước có liên quan đến 2 vụ án hiện tại không? Ai sẽ là mục tiêu tiếp theo của hắn? Xem phim Thám Tử Lừng Danh Conan 4: Thủ Phạm Trong Đôi Mắt và bạn chắc chắn sẽ bị choáng ngợp trước các cảnh quay của phim hd này!",Nhật Bản,2000,"Mel Gibson, Julia Sawalha, Miranda Richardson",https://1.bp.blogspot.com/-ZNpnAJvrf5Y/WYfM4pANNII/AAAAAAAAAJw/5rSan1DUCz0nQmazZgvyu3eHo2AzFHktACLcBGAs/s1600/proxy%25283%2529.png,https://www.justwatch.com/images/backdrop/181251480/s640/detective-conan-captured-in-her-eyes,https://www.youtube.com/embed/-eHMcuRjSCw,Hoạt hình,HD,100,Kodama Kenji,4,FALSE,unknown,https://www.youtube.com/watch?v=xDynBN4ye6g,[],[] 
Conan 5: Những Giây Phút Cuối Cùng,Detective Conan Movie 5: Countdown to Heaven,"Conan , Haibara cùng đội thám tử nhí được dịp ghé thăm tòa tháp đôi Nishitamashi cao nhất Nhật Bản. Họ đã chứng kiến 3 vụ án mạng và thủ phạm đều để lại một chiếc tách sake. Đồng thời sự xuất hiện bọn áo đen là Gin và Vodka chúng đã phát hiện ra dấu vết của Sherry ( Haibara Ai ) và đặt bom trong tòa tháp đôi để xóa sạch dữ liệu liên quan đến tổ chức áo đen và thủ tiêu Sherry (Haibara Ai). Haibara và đội thám tử nhí bị mắc kẹt trong tòa tháp đôi cùng với những quả bom đang nổ chậm và Conan sẽ làm gì để giúp Haibara và đội thám tử nhí thoát ra khỏi đây ? Hung thủ đằng sau 3 vụ án mạng là ai ?",Nhật Bản,2001,"Daveigh Chase, Suzanne Pleshette, Miyu Irino",https://m.media-amazon.com/images/I/91sG5pbTbNL._SL1500_.jpg,https://swall.teahub.io/photos/small/195-1957669_conan-kid-save-singapore-from-destruction-in-detective.jpg,https://www.youtube.com/embed/8ADa9bcEynQ,Hoạt hình,HD,100,Kodama Kenji,3,FALSE,unknown,https://www.youtube.com/watch?v=B--pi8sVsww,[],[] 
Hoàng Đế Cuối Cùng,The Last Emperor,"Là bộ phim tiểu sử về cuộc đời của Phổ Nghi, vị hoàng đế cuối cùng của Trung Hoa. Bộ phim miêu tả toàn bộ cuộc đời Phổ Nghi, từ lúc lên ngôi khi còn rất nhỏ cho tới lúc bị giam giữ và phóng thích bởi chính quyền Cộng hòa Nhân dân Trung Hoa, sau đó sống những năm cuối đời tại đây.",Trung quốc,1987,"Joan Chen, Peter O'Toole, Tôn Long, Trần Xung, Anh Nhược Thành ",https://d3tvwjfge35btc.cloudfront.net/Assets/71/128/L_p0004612871.jpg,https://www.dga.org/craft/dgaq/all-articles/0801-spring-2008/~/media/Images/DGAQ%20Article%20Images/0801%20Spring%202008/shotRemember_Emperor02%20jpg.ashx?w=640&h=320&as=1&hash=74ED0A22BFA879DF493126B5ECC12BC4148E5D14,https://www.youtube.com/embed/27_nhofOtos,Lịch sử,HD,163,Bernardo Bertolucci,5,FALSE,unknown,https://www.youtube.com/watch?v=lEk77FYlxAc,[],[] 
Diệp Vấn,Ip Man,"Phim Diệp Vấn là phiên bản truyền hình mới nhất của Trung Quốc về huyền thoại võ thuật Diệp Vấn, phim thể hiện lại bối cảnh biến chất và tha hoá của giới võ thuật trung hoa vào thập niên 30. Vào thời kỳ đó, Diệp gia là một gia đình nổi tiếng trong giới võ thuật trung hoa và Diệp Vấn được mọi người cho là cao thủ bậc nhất của môn phái Vịnh Xuân Quyền. Trong phim online này, Lưu sư phụ mới mở một lò võ và đã đến Diệp gia xin được ""chỉ giáo"", và tất nhiên Diệp Vấn đã chiến thắng một cách dễ dàng, làm tăng thêm sự ngưỡng mộ của mọi người đối với anh. Không lâu sau, một tên thảo khấu tên là Kim Sơn Trảo cùng bè lũ kéo đến Phật Sơn và lập võ đường. Hắn cho rằng, nếu thắng được Diệp Vấn, đương nhiên người dân đất Phật Sơn sẽ ủng hộ và xin theo học tại võ đường của hắn. Nhưng hắn đã bị Diệp Vấn ""dạy dỗ"" ra trò bằng những tuyệt kỹ của Vịnh Xuần Quyền. Trong phim, chiến thắng này của Diệp Sư Phụ đã làm cho viên sĩ quan cảnh sát Lý Chiêu và dân chúng Phật Sơn ngày càng thêm mến mộ. Liệu còn điều gì sẽ xảy ra trong phim Diệp Vấn nữa. ",Trung quốc,2008,Chân Tử Đan,https://i1.wp.com/nobiphim.com/wp-content/uploads/2019/09/Diep-Van-1-Ip-Man-2008-Poster.jpg?fit=666%2C1000&ssl=1,https://luotphimtv.com/wp-content/uploads/2020/12/Diep-Van-1-3-900x514.jpg,https://www.youtube.com/embed/FKNmawBnOmA,Võ thuật,HD,106,Wilson Yip,5,FALSE,Phê phim,https://www.youtube.com/watch?v=RBYbqO_FUA4,[],[] 
Quái vật Kaiju,Pacific Rim,Cuộc chiến giữa quái vật Kaiju và Robot do con người chế tạo,Mĩ,2013,"Charlie Hunnam, Idris Elba, Kikuchi Rinko, Charlie Day, Burn Gorman, Robert Kazinsky, Max Martini và Ron Perlman",https://horrornovelreviews.files.wordpress.com/2013/07/pacific_rim_cover.jpg,https://horrornovelreviews.files.wordpress.com/2013/07/pacific_rim_cover.jpg,https://www.youtube.com/embed/BKBzH7mSNfo,Hành động - Viễn tưởng,HD,132,Guillermo del Toro,5,TRUE,Vua Review Phim,https://youtu.be/A85EtOalcsM,[],[] 
Quái vật Kaiju 2,Pacific Rim 2,Cuộc chiến giữa quái vật Kaiju và Robot do con người chế tạo,Mĩ,2018,"John Boyega, Scott Eastwood, Cailee Spaeny, Cảnh Điềm, Adria Arjona, và Trương Tấn",https://teaser-trailer.com/wp-content/uploads/Pacific-Rim-2-Uprising-Taiwan-Poster.jpg,https://teaser-trailer.com/wp-content/uploads/Pacific-Rim-2-Uprising-Taiwan-Poster.jpg,https://www.youtube.com/embed/o6G3OP4rMS4,Hành động - Viễn tưởng,HD,111,Steven S. DeKnight,3,TRUE,Vua Review Phim,https://youtu.be/_EhiLLOhVis,[],[] 
Bản án từ địa ngục (Mùa 1),Hellbound (Season 1),Kể câu chuyện về những sinh vật siêu nhiên xuất hiện đột ngột để đày ải con người xuống địa ngục,Hàn Quốc,2021,"Yoo Ah-in, Kim Huyn-joo, Park Jeong-min, Won Jin-ah và Yang Ik-june",https://static.mservice.io/blogscontents/momo-upload-api-211125085047-637734270471470368.jpeg,https://static.mservice.io/blogscontents/momo-upload-api-211125085047-637734270471470368.jpeg,https://www.youtube.com/embed/C2NJI0P1UEo,Kinh dị - Giật gân,HD,60,Yeon Sang-ho,4,FALSE,Phê Phim,https://youtu.be/UWfgm20-LTM,[],[] 
Chú hề ma quái (Phần 1),IT 1,"Nó kể về câu chuyện của bảy đứa trẻ ở Derry, Maine, những người bị khủng bố bởi sinh vật cùng tên, chỉ để đối mặt với con quỷ cá nhân của chúng trong quá trình này",Mĩ,2017,"Jeremy Ray Taylor, Sophia Lillis, Finn Wolfhard, Wyatt Oleff, Chosen Jacobs, Jack Dylan Grazer, Nicholas Hamilton, and Jackson Robert Scott",https://m.media-amazon.com/images/M/MV5BZDVkZmI0YzAtNzdjYi00ZjhhLWE1ODEtMWMzMWMzNDA0NmQ4XkEyXkFqcGdeQXVyNzYzODM3Mzg@._V1_.jpg,https://m.media-amazon.com/images/M/MV5BZDVkZmI0YzAtNzdjYi00ZjhhLWE1ODEtMWMzMWMzNDA0NmQ4XkEyXkFqcGdeQXVyNzYzODM3Mzg@._V1_.jpg,https://www.youtube.com/embed/pVrXbG0lWeQ,Kinh dị - Giật gân,HD,135,Andy Muschietti,5,TRUE,SAKURA REVIEW,https://youtu.be/FnCdOQsX5kc,[],[] 
Alcie lạc vào xứ sở thần tiên,Alice in wonderland,"Kể về cô thiếu nữ 19 tuổi Alice Kingsleigh – được cho là người có thể đưa Nữ hoàng Trắng trở lại ngai vàng của mình với sự giúp đỡ của Thợ làm mũ điên, chiến đấu với Nữ hoàng Đỏ để bảo vệ thế giới",Mĩ,2010,"Johnny Depp, Anne Hathaway, Helena Bonham Carter, Crispin Glover, Matt Lucas và Mia Wasikowska",https://m.media-amazon.com/images/M/MV5BMTMwNjAxMTc0Nl5BMl5BanBnXkFtZTcwODc3ODk5Mg@@._V1_FMjpg_UX1000_.jpg,https://m.media-amazon.com/images/M/MV5BMTMwNjAxMTc0Nl5BMl5BanBnXkFtZTcwODc3ODk5Mg@@._V1_FMjpg_UX1000_.jpg,https://www.youtube.com/embed/Ew6iA90ICyg,Kỳ ảo - Đen tối,HD,108,Tim Burton,4,TRUE,SAKURA REVIEW,https://youtu.be/9POCgSRVvf0,[],[] 
Bí kíp luyện rông (Phần 4),How to train your dragon 4,"Khi Hiccup phát hiện ra Toothless không phải là Night Fury duy nhất, anh phải tìm kiếm ""The Hidden World"", một Dragon Utopia bí mật trước khi một tên bạo chúa được thuê tên là Grimmel tìm thấy nó trước.",Mĩ,2019,"Cate Blanchett, Gerard Butler, T.J. Miller",https://m.media-amazon.com/images/M/MV5BMjIwMDIwNjAyOF5BMl5BanBnXkFtZTgwNDE1MDc2NTM@._V1_.jpg,https://m.media-amazon.com/images/M/MV5BMjIwMDIwNjAyOF5BMl5BanBnXkFtZTgwNDE1MDc2NTM@._V1_.jpg,https://www.youtube.com/embed/QOh6jiW217U,Hoạt hình - Viễn tưởng,HD,104,Dean Deblois,4,TRUE,SAKURA REVIEW,https://youtu.be/SkcucKDrbOI,[],[] 
Rừng thế mạng,survive,à phim điện ảnh giật gân pha kinh dị của Việt Nam năm 2021 do Trần Hữu Tấn đạo diễn và Hoàng Quân sản xuất. Đây là phim Việt Nam đầu tiên về chủ đề sinh tồn. Đây là phim Việt đầu tiên khởi chiếu sau đợt giãn cách lịch sử năm 2021.,Việt Nam,2021,"Huỳnh Thanh,Trần Phong,Thùy Anh",https://www.cgv.vn/media/catalog/product/cache/1/image/c5f0a1eff4c394a251036189ccddaacd/r/t/rtm_poster_final_1023.jpg,https://thegioidienanh.vn/stores/news_dataimages/thanhtan/032021/19/11/in_article/2311_RTM_5.jpg?rt=20210319112420,https://www.youtube.com/embed/buZd6Yky3vY,Kinh dị - Giật gân,HD,94,Trần Hữu Tấn,4,TRUE,Phê phim,https://www.youtube.com/watch?v=lq6a-KBGFtI,[],[] 
Nữ đội trưởng Marvel,Captain marvel,"Set in 1995, Captain Marvel follows Carol Danvers, a former U.S. Air Force fighter pilot, as she turns into one of the galaxy's mightiest heroes and joins Starforce, an elite Kree military team, before returning home with new questions about her past and identity when the Earth is caught in the center of an galactic conflict between two alien worlds.",Mỹ,2019,"Brie Larson, Samuel L Jackson, Ben Mendelsohn",https://www.cgv.vn/media/catalog/product/cache/3/image/c5f0a1eff4c394a251036189ccddaacd/1/6/160_10_27.jpg,http://posterposse.com/wp-content/uploads/2019/03/CAPMARVEL.jpg,https://www.youtube.com/embed/Je6gfqUQ7_A,Hành động - Viễn tưởng,HD,129,"Anna Boden, Ryan Fleck",5,TRUE,Phê phim,https://www.youtube.com/watch?v=Z1BCujX3pw8,[],[] 
Trò chơi con mực,Squid game,"Phim xoay quanh câu chuyện về hàng trăm người đang đối mặt với việc thất nghiệp, không có tiền để sinh sống. Vì thế bọn họ đều nhận được một lời mời tham gia vào trò chơi con mực dành cho trẻ em, nếu chiến thắng sẽ được một số tiền hàng tỷ won. Tất cả những người tham gia đều được đưa đến một nơi xa lạ và bị nhốt tại đó và người dành chiến thắng sẽ nhận được số tiền ấy. Thế nhưng, họn họ tưởng chừng chỉ là một trò chơi nhỏ nên tấp nập tham gia nhưng không hề biết rằng trò chơi phải trả giá bằng cả mạng sống của mình.",Hàn Quốc,2021,"Lee Jung Jae, Park Hae-Soo, Wi Ha Jun",https://i.imgur.com/Kkk12js.jpg,https://wallpaperaccess.com/full/6993436.jpg,https://www.youtube.com/embed/ZBmwBkr9s5c,"
Hành Động-Kinh Dị",HD,45,Hwang Dong Hyuk,5,FALSE,Phê phim,https://www.youtube.com/watch?v=oqxAJKy0ii4,[],[] 
Lệnh truy nã đỏ,Red notice,"Lệnh truy nã đỏ - Red Notice (2021) là bộ phim thuộc thể loại hành động, hài hước của Mỹ. Tác phẩm do đạo diễn Rawson Marshall Thurber chịu trách nhiệm chỉ đạo, với sự tham gia của các diễn viên Dwayne Johnson, Ryan Reynolds, Gal Gadot, Ritu Arya và Chris Diamantopoulos.",Mỹ,2021,"Dwayne Johnson, Ryan Reynolds, Gal Gadot",https://i.imgur.com/QBU009R.jpg,https://i.imgur.com/ah0Ak5C.jpg,https://www.youtube.com/embed/nFj59jX3Odg,Hành Động,HD,118,Rawson Marshall Thurber,3,TRUE,Phê phim,https://www.youtube.com/embed/nFj59jX3Odg,[],[] 
Xác ướp,The Mummy,"Tưởng đã yên nghỉ vùi sâu trong một ngôi mộ sâu dưới sa mạc khủng khiếp, một nữ hoàng thời cổ đại (do Sofia Boutella trong Kingsman: The Secret Service và Star Trek Beyond thủ vai), người mà số phận đã bị cướp đi một cách tàn nhẫn, nay thức tỉnh lại vào thời đại ngày nay và mang theo cùng với cô ấy là những điều tăm tối kinh hãi và dã tâm đúc kết từ hàng nghìn năm trước với mục đích chống lại loài người.",Mỹ,2017,"Tom Cruise, Russell Crowe, Annabelle Wallis, Sofia Boutella",https://2.bp.blogspot.com/-dJPwWPkn9pI/WbQCAqh3MxI/AAAAAAAANsg/STSUq_hk9KMQaHIdGVm3427YrzSxPgn3gCHMYCw/w300/,https://steemitimages.com/DQmVgCRsi9Ku5ad4fPR4sR75dZcxyRtL8AZL2xe5qB9Nvgs/themummy.jpg,https://www.youtube.com/embed/gH-2U3rxZuk,Phim Chiếu rạp-Kinh dị,HD,115,Alex Kurtzman,4,TRUE,Phê phim,https://www.youtube.com/watch?v=IjHgzkQM2Sg,[],[] 
